"","","","","","","","","","","","","","","","","","","","",""
"Pour chacune de ces affirmations, sÃ©lectionnez l'option qui reflÃ¨te le mieux votre ressenti Ã  propos de cette unitÃ© d'enseignement","","","","","","","","","","","","J'ai eu des difficultÃ©s Ã  comprendre les sujets suivants","","","","","","","Inscription Ã  un ou des cours d'appui",""
"Les attentes et les objectifs sont clairement dÃ©finis","Les contenus (supports, prÃ©sentations, consignes, Ã©noncÃ©s, etc.) sont pertinents et me permettent de travailler de faÃ§on autonome","Les prÃ©sentations orales sont pertinentes et permettent de mieux comprendre la matiÃ¨re","Lorsque jâ€™ai rencontrÃ© des difficultÃ©s, jâ€™ai pu trouver des rÃ©ponses Ã  mes questions (grÃ¢ce aux discussions en classe, aux supports de cours, etc.)","Je me sens capable de rÃ©aliser une petite application web avec PHP pour gÃ©rer une collection d'objets (visualisation, insertion, modification et suppression)","J'apprÃ©cie la durÃ©e courte des parties thÃ©oriques au dÃ©but de chaque cours","Les mini-projets et les exercices sont pertinents et adaptÃ©s Ã  mon niveau","L'unitÃ© d'enseignement est variÃ©e, motivante et permet de ne pas m'ennuyer","J'ai rÃ©alisÃ© tous les mini-projets et exercices proposÃ©s","J'aurais plaisir Ã  suivre une unitÃ© d'enseignement qui reprend la mÃªme mÃ©thode d'enseignement","J'ai particuliÃ¨rement apprÃ©ciÃ©...","J'ai moins apprÃ©ciÃ© et je propose...","Introduction Ã  PHP","Fonctions","Tableaux et boucles","Formulaires HTML et validation","Base de donnÃ©es et PDO","SÃ©curitÃ© et nettoyage des saisies utilisateurs","Programmation orientÃ©e objet","J'aimerais pouvoir avoir un ou des cours d'appui","Autres remarques et commentaires"
"PlutÃ´t d'accord â˜…â˜…â˜…â˜†","Tout Ã  fait d'accord â˜…â˜…â˜…â˜…","PlutÃ´t d'accord â˜…â˜…â˜…â˜†","Tout Ã  fait d'accord â˜…â˜…â˜…â˜…","PlutÃ´t d'accord â˜…â˜…â˜…â˜†","Tout Ã  fait d'accord â˜…â˜…â˜…â˜…","Tout Ã  fait d'accord â˜…â˜…â˜…â˜…","Pas d'accord â˜…â˜…â˜†â˜†","PlutÃ´t d'accord â˜…â˜…â˜…â˜†","Tout Ã  fait d'accord â˜…â˜…â˜…â˜…","Les support de cours et le github","Les exercices, car la plupart du temps le projet prend trop de place ou inversement ce qui donne des devoirs supplÃ©mentaires ","","","","","X","X","","",""
"Tout Ã  fait d'accord â˜…â˜…â˜…â˜…","Tout Ã  fait d'accord â˜…â˜…â˜…â˜…","Tout Ã  fait d'accord â˜…â˜…â˜…â˜…","PlutÃ´t d'accord â˜…â˜…â˜…â˜†","Pas d'accord â˜…â˜…â˜†â˜†","Tout Ã  fait d'accord â˜…â˜…â˜…â˜…","Tout Ã  fait d'accord â˜…â˜…â˜…â˜…","Tout Ã  fait d'accord â˜…â˜…â˜…â˜…","Tout Ã  fait d'accord â˜…â˜…â˜…â˜…","Tout Ã  fait d'accord â˜…â˜…â˜…â˜…","Les supports particuliÃ¨rement complets, la pÃ©dagogie et disponibilitÃ© du professeur","","","","","","X","X","X","",""
"Tout Ã  fait d'accord â˜…â˜…â˜…â˜…","Tout Ã  fait d'accord â˜…â˜…â˜…â˜…","Tout Ã  fait d'accord â˜…â˜…â˜…â˜…","Tout Ã  fait d'accord â˜…â˜…â˜…â˜…","PlutÃ´t d'accord â˜…â˜…â˜…â˜†","PlutÃ´t d'accord â˜…â˜…â˜…â˜†","PlutÃ´t d'accord â˜…â˜…â˜…â˜†","PlutÃ´t d'accord â˜…â˜…â˜…â˜†","PlutÃ´t d'accord â˜…â˜…â˜…â˜†","Tout Ã  fait d'accord â˜…â˜…â˜…â˜…","les cours thÃ©oriques car ils m'ont permis de mieux comprendre la matiÃ¨re","rien de particulier","","","","X","","X","","X","pas spÃ©cialement"
"PlutÃ´t d'accord â˜…â˜…â˜…â˜†","Tout Ã  fait d'accord â˜…â˜…â˜…â˜…","Tout Ã  fait d'accord â˜…â˜…â˜…â˜…","Tout Ã  fait d'accord â˜…â˜…â˜…â˜…","PlutÃ´t d'accord â˜…â˜…â˜…â˜†","PlutÃ´t d'accord â˜…â˜…â˜…â˜†","Tout Ã  fait d'accord â˜…â˜…â˜…â˜…","PlutÃ´t d'accord â˜…â˜…â˜…â˜†","Pas d'accord â˜…â˜…â˜†â˜†","PlutÃ´t d'accord â˜…â˜…â˜…â˜†","","","","","","","","X","X","",""
"Tout Ã  fait d'accord â˜…â˜…â˜…â˜…","Tout Ã  fait d'accord â˜…â˜…â˜…â˜…","PlutÃ´t d'accord â˜…â˜…â˜…â˜†","Tout Ã  fait d'accord â˜…â˜…â˜…â˜…","PlutÃ´t d'accord â˜…â˜…â˜…â˜†","PlutÃ´t d'accord â˜…â˜…â˜…â˜†","Tout Ã  fait d'accord â˜…â˜…â˜…â˜…","PlutÃ´t d'accord â˜…â˜…â˜…â˜†","Tout Ã  fait d'accord â˜…â˜…â˜…â˜…","Tout Ã  fait d'accord â˜…â˜…â˜…â˜…","Le support de cours complet avec exemples. Travailler en autonomie.","La thÃ©orie au dÃ©but va relativement vite pour des nouveaux concepts, je pense que de mieux rÃ©partir les exercices avec la thÃ©orie, par exemple en faisant un petit exercice en commun lors de chaque nouveau concept de la leÃ§on, serait pertinent. Cela aiderait peut-Ãªtre les Ã©tudiants avec le plus de difficultÃ©s Ã  mieux comprendre la matiÃ¨re.","","","","","X","","","",""
"PlutÃ´t d'accord â˜…â˜…â˜…â˜†","Tout Ã  fait d'accord â˜…â˜…â˜…â˜…","Tout Ã  fait d'accord â˜…â˜…â˜…â˜…","Tout Ã  fait d'accord â˜…â˜…â˜…â˜…","PlutÃ´t d'accord â˜…â˜…â˜…â˜†","Tout Ã  fait d'accord â˜…â˜…â˜…â˜…","PlutÃ´t d'accord â˜…â˜…â˜…â˜†","Tout Ã  fait d'accord â˜…â˜…â˜…â˜…","Tout Ã  fait d'accord â˜…â˜…â˜…â˜…","Tout Ã  fait d'accord â˜…â˜…â˜…â˜…","Le format du cours, avec les parties thÃ©oriques courtes au dÃ©but et les parties pratiques ensuite. Cela permet vraiment d'Ãªtre bien concentrÃ© durant toute la thÃ©orie et Ã©galement le fait de pouvoir s'en aller une fois que nous avons terminÃ© la partie pratique du jour est une motivation supplÃ©mentaire.","Le format du mini-projet (parfois), oÃ¹ il fallait souvent copier coller une centaine de lignes de code. Je pense qu'il serait mieux de faire des parties de mini-projet plus courtes avec un format comme les exercices, oÃ¹ l'on doit rÃ©pondre Ã  des besoins et ensuite comparer avec la solution.","","","","X","","X","","",""
"PlutÃ´t d'accord â˜…â˜…â˜…â˜†","Tout Ã  fait d'accord â˜…â˜…â˜…â˜…","Tout Ã  fait d'accord â˜…â˜…â˜…â˜…","Tout Ã  fait d'accord â˜…â˜…â˜…â˜…","PlutÃ´t d'accord â˜…â˜…â˜…â˜†","Tout Ã  fait d'accord â˜…â˜…â˜…â˜…","PlutÃ´t d'accord â˜…â˜…â˜…â˜†","Tout Ã  fait d'accord â˜…â˜…â˜…â˜…","Tout Ã  fait d'accord â˜…â˜…â˜…â˜…","Tout Ã  fait d'accord â˜…â˜…â˜…â˜…","La structure est parfaite et les supports de cours aussi. Les exercices sont cohÃ©rents et permettent de bien appliquer la thÃ©orie.","Le mini-projet est une bonne idÃ©e mais le problÃ¨me est quâ€™au final on ne fait presque que copier-coller et du coup ils nous apportent pas beaucoup de connaissances Ã  part le fait dâ€™avoir une application concrÃ¨te.","","","","X","","","","",""
"Tout Ã  fait d'accord â˜…â˜…â˜…â˜…","Tout Ã  fait d'accord â˜…â˜…â˜…â˜…","Tout Ã  fait d'accord â˜…â˜…â˜…â˜…","Tout Ã  fait d'accord â˜…â˜…â˜…â˜…","PlutÃ´t d'accord â˜…â˜…â˜…â˜†","Tout Ã  fait d'accord â˜…â˜…â˜…â˜…","Tout Ã  fait d'accord â˜…â˜…â˜…â˜…","PlutÃ´t d'accord â˜…â˜…â˜…â˜†","PlutÃ´t d'accord â˜…â˜…â˜…â˜†","Tout Ã  fait d'accord â˜…â˜…â˜…â˜…","la clartÃ© des explications et le prof qui vient voir tout le monde pour savoir si il y a des difficultÃ©s.
Les consignes du mini projet sont super bien Ã©crite et les rÃ©ponses permette de progresser a notre rythme","rien","","","X","","","","","","tout Ã©tait vraiment trÃ¨s bien, le cours avec la meilleure pÃ©dagogie"
"Tout Ã  fait d'accord â˜…â˜…â˜…â˜…","PlutÃ´t d'accord â˜…â˜…â˜…â˜†","PlutÃ´t d'accord â˜…â˜…â˜…â˜†","Tout Ã  fait d'accord â˜…â˜…â˜…â˜…","Pas d'accord â˜…â˜…â˜†â˜†","Pas d'accord â˜…â˜…â˜†â˜†","PlutÃ´t d'accord â˜…â˜…â˜…â˜†","PlutÃ´t d'accord â˜…â˜…â˜…â˜†","Pas d'accord â˜…â˜…â˜†â˜†","Tout Ã  fait d'accord â˜…â˜…â˜…â˜…","vos explications claire et votre faÃ§on d'enseigner","parfois j'avais l'impression que on faisait de la thÃ©orie sur un sujet trÃ¨s compliquÃ© et qu'on regardait la thÃ©orie super vite, et je propose de peut-Ãªtre prendre plus de temps sur des sujets plus compliquÃ© etc","","","X","","X","","X","","malgrÃ© mes difficultÃ© vous avez Ã©tÃ© le prof que j'ai prÃ©fÃ©rÃ© Ã©coutÃ© et suivre le cours, vous Ãªtes bienveillant et vous voulez vraiment nous enseigner vos connaissance"
"PlutÃ´t d'accord â˜…â˜…â˜…â˜†","Tout Ã  fait d'accord â˜…â˜…â˜…â˜…","PlutÃ´t d'accord â˜…â˜…â˜…â˜†","Tout Ã  fait d'accord â˜…â˜…â˜…â˜…","PlutÃ´t d'accord â˜…â˜…â˜…â˜†","Tout Ã  fait d'accord â˜…â˜…â˜…â˜…","Tout Ã  fait d'accord â˜…â˜…â˜…â˜…","PlutÃ´t d'accord â˜…â˜…â˜…â˜†","Tout Ã  fait d'accord â˜…â˜…â˜…â˜…","Tout Ã  fait d'accord â˜…â˜…â˜…â˜…","Les supports de cours Ã©taient trÃ¨s complets et clairs. Les instructions pas Ã  pas permettent de bien comprendre le sujet.","Les cours Ã©taient trop espacÃ©s entre eux. J'aurais prÃ©fÃ©rÃ© les avoir de maniÃ¨re hebdomadaire.

Les supports de cours sont des fois trop complets et il est souvent difficile d'apprendre et comprendre par soi-mÃªme.
","","","","","","","","",""
"Tout Ã  fait d'accord â˜…â˜…â˜…â˜…","Tout Ã  fait d'accord â˜…â˜…â˜…â˜…","Tout Ã  fait d'accord â˜…â˜…â˜…â˜…","PlutÃ´t d'accord â˜…â˜…â˜…â˜†","Pas d'accord â˜…â˜…â˜†â˜†","Tout Ã  fait d'accord â˜…â˜…â˜…â˜…","PlutÃ´t d'accord â˜…â˜…â˜…â˜†","PlutÃ´t d'accord â˜…â˜…â˜…â˜†","Pas du tout d'accord â˜…â˜†â˜†â˜†","Tout Ã  fait d'accord â˜…â˜…â˜…â˜…","Les ppt sont trÃ¨s complet et bien expliquer. Le fait de montrer lâ€™Ã©criture en java aussi permet de comprendre en se basant sur un langage quâ€™on connaÃ®t dÃ©jÃ  partiellement et de mieux comprendre lâ€™utilisation de php.","Le fait de donner les solutions directement mâ€™a empÃªcher de vraiment chercher les rÃ©ponses, il faudrait peut-Ãªtre faire en sorte de les montrer seulement Ã  la fin du cours ou la pÃ©riode suivante.","","","X","","X","X","","X",""
"Tout Ã  fait d'accord â˜…â˜…â˜…â˜…","Tout Ã  fait d'accord â˜…â˜…â˜…â˜…","Tout Ã  fait d'accord â˜…â˜…â˜…â˜…","Tout Ã  fait d'accord â˜…â˜…â˜…â˜…","PlutÃ´t d'accord â˜…â˜…â˜…â˜†","PlutÃ´t d'accord â˜…â˜…â˜…â˜†","Tout Ã  fait d'accord â˜…â˜…â˜…â˜…","PlutÃ´t d'accord â˜…â˜…â˜…â˜†","Pas d'accord â˜…â˜…â˜†â˜†","Tout Ã  fait d'accord â˜…â˜…â˜…â˜…","La bienveillance et la prÃ©sence du professeur pour rÃ©pondre aux questions en prenant le temps et de s'assurer qu'il a aidÃ©. Le cours est vraiment bien expliquÃ©, un des seuls de programmation auquel j'ai pri du plaisir.","","","","","","X","","X","X",""
"Tout Ã  fait d'accord â˜…â˜…â˜…â˜…","Tout Ã  fait d'accord â˜…â˜…â˜…â˜…","PlutÃ´t d'accord â˜…â˜…â˜…â˜†","Tout Ã  fait d'accord â˜…â˜…â˜…â˜…","Pas d'accord â˜…â˜…â˜†â˜†","Tout Ã  fait d'accord â˜…â˜…â˜…â˜…","PlutÃ´t d'accord â˜…â˜…â˜…â˜†","Pas d'accord â˜…â˜…â˜†â˜†","Pas d'accord â˜…â˜…â˜†â˜†","PlutÃ´t d'accord â˜…â˜…â˜…â˜†","Le support de cours sur github est incroyable, on a jamais eu autant dâ€˜aide pour travailler en autonomie.","Tout Ã©tait bien mais Ã  cause de la masse de travail et la fin de lâ€™annÃ©e jâ€˜ai eu du mal Ã  suivre la partie thÃ©orique et dÃ©solÃ© car je ne sais pas quoi proposer","","","","","","X","","",""
"PlutÃ´t d'accord â˜…â˜…â˜…â˜†","Tout Ã  fait d'accord â˜…â˜…â˜…â˜…","Pas d'accord â˜…â˜…â˜†â˜†","Tout Ã  fait d'accord â˜…â˜…â˜…â˜…","PlutÃ´t d'accord â˜…â˜…â˜…â˜†","Tout Ã  fait d'accord â˜…â˜…â˜…â˜…","PlutÃ´t d'accord â˜…â˜…â˜…â˜†","PlutÃ´t d'accord â˜…â˜…â˜…â˜†","Pas d'accord â˜…â˜…â˜†â˜†","Tout Ã  fait d'accord â˜…â˜…â˜…â˜…","La structure du cours : thÃ©orie courte -> mini-projet -> sÃ©rie
Le support de cours est particuliÃ¨rement clair, et les questions prÃ©cises sont expliquÃ©es clairement.
Les comparaison avec java sont particuliÃ¨rement bienvenue","Il aurait Ã©tÃ© intÃ©ressant de ne pas donner tout le code du mini-projet mais de nous laisser le rÃ©alisÃ© (peut-Ãªtre par groupe) et de nous noter dessus pour ne pas Ãªtre entiÃ¨rement notÃ© sur l'examen et qu'on se plonge un peu plus dans un programme complexe. Je penses que cela serait intÃ©ressant pour plus assimiler la matiÃ¨re","","","X","X","X","","","","Vous Ãªtes un super prof et j'espÃ¨re vraiment que vous resterez dans notre section parce que l'implication que vous avez est montre d'une haute qualitÃ© de cours ^^"
"Tout Ã  fait d'accord â˜…â˜…â˜…â˜…","Tout Ã  fait d'accord â˜…â˜…â˜…â˜…","PlutÃ´t d'accord â˜…â˜…â˜…â˜†","Tout Ã  fait d'accord â˜…â˜…â˜…â˜…","PlutÃ´t d'accord â˜…â˜…â˜…â˜†","Tout Ã  fait d'accord â˜…â˜…â˜…â˜…","Tout Ã  fait d'accord â˜…â˜…â˜…â˜…","PlutÃ´t d'accord â˜…â˜…â˜…â˜†","PlutÃ´t d'accord â˜…â˜…â˜…â˜†","Tout Ã  fait d'accord â˜…â˜…â˜…â˜…","J'ai apprÃ©ciÃ© le support  du cours  sur Github.
GrÃ¢ce Ã  cela, les parties oÃ¹ la comprÃ©hension des diffÃ©rents  sujets  qui n'Ã©tait pas clair, pouvais Ã©tre revue et mieux comprise.
","","","","","","X","X","","",""
"Tout Ã  fait d'accord â˜…â˜…â˜…â˜…","Tout Ã  fait d'accord â˜…â˜…â˜…â˜…","Tout Ã  fait d'accord â˜…â˜…â˜…â˜…","Tout Ã  fait d'accord â˜…â˜…â˜…â˜…","Tout Ã  fait d'accord â˜…â˜…â˜…â˜…","Tout Ã  fait d'accord â˜…â˜…â˜…â˜…","Tout Ã  fait d'accord â˜…â˜…â˜…â˜…","Tout Ã  fait d'accord â˜…â˜…â˜…â˜…","Pas d'accord â˜…â˜…â˜†â˜†","Tout Ã  fait d'accord â˜…â˜…â˜…â˜…","La mÃ©thode d'enseignement et le support de cours hyper complet. Selon mon ressenti, c'est le premier cours oÃ¹ on sent un professeur vraiment investit et qui se donne autant, tant en cours que pour le support de cours. Je sais que c'est un support que je vais pouvoir garder et consulter Ã  l'avenir. Merci beaucoup pour tout Ã§a, c'est vraiment apprÃ©ciable !","J'ai trouvÃ© que le mini projet nous permettait de bien apprÃ©hender la matiÃ¨re au dÃ©but, puis au fur et Ã  mesure devenait plus difficile Ã  vraiment comprendre ce que nous faisions. Les derniers cours, je n'ai pas rÃ©ussi Ã  finir le mini projet Ã  temps et du coup j'ai fini par accumuler pas mal de retard au niveau des exercices (ce qui finalement n'est pas si Ã©tonnant, car c'est la mÃªme chose dans les autres cours). ","","","X","","X","","","X","Merci pour tout et je vais prier pour qu'on vous ait l'annÃ©e prochaine (Ã  tous les cours de prog si possible). Bel Ã©tÃ© !"
"Tout Ã  fait d'accord â˜…â˜…â˜…â˜…","Tout Ã  fait d'accord â˜…â˜…â˜…â˜…","Tout Ã  fait d'accord â˜…â˜…â˜…â˜…","Tout Ã  fait d'accord â˜…â˜…â˜…â˜…","Pas d'accord â˜…â˜…â˜†â˜†","Tout Ã  fait d'accord â˜…â˜…â˜…â˜…","Tout Ã  fait d'accord â˜…â˜…â˜…â˜…","Tout Ã  fait d'accord â˜…â˜…â˜…â˜…","Pas d'accord â˜…â˜…â˜†â˜†","Tout Ã  fait d'accord â˜…â˜…â˜…â˜…","Le support de cours est super bien construit et les explications en classe ainsi que les rÃ©ponses Ã  mes diffÃ©rentes questions Ã©taient d'une trÃ¨s grande aide, globalement super cours.","Mes facilitÃ©s scolaires, surtout en programmation, m'ont incitÃ© Ã  ne faire quasiment que le mini-projet et pas tellement les exercices. Je n'aime pas non plus le fait de n'avoir qu'une seule note en fin de cours.
J'aimerais ne pas avoir d'exercices mais avoir un support de cours moins fourni sur le projet et qu'il soit notÃ©. De cette maniÃ¨re je serais motivÃ© Ã  travaillÃ© pour le projet car il serait notÃ© et qu'il me servirait en mÃªme temps d'entraÃ®nement pratique. De plus cela rÃ©glerait le problÃ¨me de la note unique, puisqu'une partie de la note finale viendrait d'un examen thÃ©orique et l'autre du projet. Cela ferait donc d'une pierre 3 coups. C'est une peu le format que nous avons avec Xavier Good en DAI2, Ã  part que le projet est en groupe dans cette branche.","","","X","X","X","","","X",""
"Tout Ã  fait d'accord â˜…â˜…â˜…â˜…","Tout Ã  fait d'accord â˜…â˜…â˜…â˜…","Tout Ã  fait d'accord â˜…â˜…â˜…â˜…","Tout Ã  fait d'accord â˜…â˜…â˜…â˜…","PlutÃ´t d'accord â˜…â˜…â˜…â˜†","Tout Ã  fait d'accord â˜…â˜…â˜…â˜…","PlutÃ´t d'accord â˜…â˜…â˜…â˜†","PlutÃ´t d'accord â˜…â˜…â˜…â˜†","PlutÃ´t d'accord â˜…â˜…â˜…â˜†","Tout Ã  fait d'accord â˜…â˜…â˜…â˜…","La maniÃ¨re dont vous prenez le temps de rÃ©pondre aux questions et prenez le soin d'Ãªtre sÃ»rs qu'on a compris, c'est vraiment top. Et concernant la structure du cours, je n'ai rien Ã  redire :).  ","Le fait qu'on soit trop autonome par rapport au mini-projet ne m'a pas forcÃ©ment aidÃ©, mais ce n'est peut-Ãªtre que moi.... Il y a des choses que j'ai eu du mal Ã  assimiler. ","","","","","X","X","","X",""
"Tout Ã  fait d'accord â˜…â˜…â˜…â˜…","Tout Ã  fait d'accord â˜…â˜…â˜…â˜…","Tout Ã  fait d'accord â˜…â˜…â˜…â˜…","Tout Ã  fait d'accord â˜…â˜…â˜…â˜…","Pas d'accord â˜…â˜…â˜†â˜†","Tout Ã  fait d'accord â˜…â˜…â˜…â˜…","Tout Ã  fait d'accord â˜…â˜…â˜…â˜…","Tout Ã  fait d'accord â˜…â˜…â˜…â˜…","Pas d'accord â˜…â˜…â˜†â˜†","Tout Ã  fait d'accord â˜…â˜…â˜…â˜…","La rÃ©flexivitÃ© globale est top, le cours est de qualitÃ©, c'est l'enseignement dont je rÃªvais, et vous Ãªtes l'enseignant que j'ai envie de devenir plus tard !","j'ai pris beaucoup de temps Ã  effectuer le mini-projet lors de chaque cours, alors que je n'ai mÃªme pas vraiment essayÃ© par moi-mÃªme les diffÃ©rentes Ã©tapes... mais je ne saurai pas vous dire de comment faire mieux, je sais qu'il y a des collÃ¨gues qui rÃ©ussissent Ã  tout faire... je dirai peut-Ãªtre qu'il y a beaucoup par sÃ©ance mais ce n'est pas reprÃ©sentatif...","","","X","X","X","X","","X","Super pour le cours d'appui, Ã§a serait super (mÃªme si actuellement je n'ai pas une vue assez globale pour savoir Ã  quel point j'ai besoin d'aide)"
"Tout Ã  fait d'accord â˜…â˜…â˜…â˜…","Tout Ã  fait d'accord â˜…â˜…â˜…â˜…","Tout Ã  fait d'accord â˜…â˜…â˜…â˜…","Tout Ã  fait d'accord â˜…â˜…â˜…â˜…","PlutÃ´t d'accord â˜…â˜…â˜…â˜†","Tout Ã  fait d'accord â˜…â˜…â˜…â˜…","PlutÃ´t d'accord â˜…â˜…â˜…â˜†","Tout Ã  fait d'accord â˜…â˜…â˜…â˜…","Pas d'accord â˜…â˜…â˜†â˜†","Tout Ã  fait d'accord â˜…â˜…â˜…â˜…","Je dois prÃ©ciser que je ne viens pas du tout du domaine informatique et je nâ€™y connaissais rien au codage.
La matiÃ¨re est bien transmise et claire. Vous Ãªtes trÃ¨s patient et rÃ©pondez bien aux questions.
Jâ€™ai vraiment beaucoup apprÃ©ciÃ© avoir des exercices avec des difficultÃ©s progressives, ainsi que plusieurs exercices similaires qui permettent de sâ€™entraÃ®ner.
Jâ€™ai beaucoup aimÃ© le fait que, si je me sens totalement bloquÃ©e, je peux rapidement avoir accÃ¨s Ã  la rÃ©ponse et refaire lâ€™exercice.
Jâ€™ai aimÃ© les comparaisons, dans les slides, avec Java, car cela mâ€™a aidÃ©e Ã  mieux comprendre Java (oui votre cours a un double effet, il faudra penser Ã  demander une augmentation).
HonnÃªtement, câ€™est le cours de codage qui mâ€™a semblÃ© le plus adaptÃ© pour une totale dÃ©butante comme moi, et qui mâ€™a permis dâ€™apprendre sans devoir passer des heures chez moi Ã  chercher Ã  comprendre, ou Ã  devoir payer pour des cours de soutien.
Jâ€™ai aimÃ© le projet ! Le thÃ¨me Ã©tait chouette et tout Ã©tait trÃ¨s bien expliquÃ©. Encore une fois, les solutions Ã©taient immÃ©diatement accessibles, ce qui permettait de gagner du temps et de ne pas devoir attendre une semaine en cas de blocage. 
La plateforme oÃ¹ tout Ã©tait dÃ©posÃ© Ã©tait bien organisÃ©e.","Ma seule critique concerne la charge de travail Ã  mi-parcours.
Au dÃ©but, jâ€™arrivais Ã  finir le mini-projet et une partie des exercices en cours, et je terminais le reste Ã  la maison, ce qui me semblait tout Ã  fait convenable.
Cependant, Ã  partir de la partie sur les formulaires HTML, cela nâ€™a plus Ã©tÃ© possible. Le mini-projet me prenait tout le cours, ainsi quâ€™un temps supplÃ©mentaire en dehors des cours, et je devais donc finir Ã  la fois le mini-projet et les exercices Ã  la maison, ce qui faisait trop.
Mais encore une fois, je suis une totale dÃ©butante en programmation, donc câ€™est peut-Ãªtre normal.

Ce que je proposerais : vous nous avez toujours conseillÃ© de commencer par le mini-projet (il me semble), et je pense que si jâ€™avais fait dâ€™abord les exercices, jâ€™aurais peut-Ãªtre pu Ãªtre plus efficace en rÃ©alisant le mini-projet.
Autrement, je ne vois pas dâ€™autre solution, car jâ€™imagine que vous avez un plan dâ€™Ã©tude Ã  respecter, il ne serait donc pas possible de rendre le rythme moins soutenu.","","X","","","X","","","X","Je rencontre de grosses difficultÃ©s en Java et je me demandais si vous donniez Ã©galement des cours de Java (BaseProg) ? Si oui, avez-vous aussi un dÃ©pÃ´t Git, comme celui du cours ProgServ1 mais qui concerne Java, que vous pourriez nous partager ?
Autrement, auriez-vous des conseils dâ€™apprentissage pour sâ€™exercer pas Ã  pas au codage ? Ou des ressources ? Peut-Ãªtre un livre, une plateforme ou un jeu ?

Tess (M53-2)"
"Tout Ã  fait d'accord â˜…â˜…â˜…â˜…","Tout Ã  fait d'accord â˜…â˜…â˜…â˜…","Tout Ã  fait d'accord â˜…â˜…â˜…â˜…","Tout Ã  fait d'accord â˜…â˜…â˜…â˜…","Tout Ã  fait d'accord â˜…â˜…â˜…â˜…","Tout Ã  fait d'accord â˜…â˜…â˜…â˜…","Tout Ã  fait d'accord â˜…â˜…â˜…â˜…","Tout Ã  fait d'accord â˜…â˜…â˜…â˜…","PlutÃ´t d'accord â˜…â˜…â˜…â˜†","Tout Ã  fait d'accord â˜…â˜…â˜…â˜…","","","","","","","","","","",""
"Tout Ã  fait d'accord â˜…â˜…â˜…â˜…","Tout Ã  fait d'accord â˜…â˜…â˜…â˜…","Tout Ã  fait d'accord â˜…â˜…â˜…â˜…","Tout Ã  fait d'accord â˜…â˜…â˜…â˜…","Pas d'accord â˜…â˜…â˜†â˜†","Tout Ã  fait d'accord â˜…â˜…â˜…â˜…","PlutÃ´t d'accord â˜…â˜…â˜…â˜†","PlutÃ´t d'accord â˜…â˜…â˜…â˜†","Pas d'accord â˜…â˜…â˜†â˜†","Tout Ã  fait d'accord â˜…â˜…â˜…â˜…","Le support de cours trÃ¨s clair, et le temps que le prof prend pour nous expliquer ","Les solutions directement accessible, au dÃ©but je faisais bien toute seule mais dÃ¨s que jâ€™ai commencÃ© Ã  avoir des soucis je me suis retournÃ© vers les solutions et du coup jâ€™ai choisis la facilitÃ© ","","","","X","X","X","","",""
"PlutÃ´t d'accord â˜…â˜…â˜…â˜†","PlutÃ´t d'accord â˜…â˜…â˜…â˜†","PlutÃ´t d'accord â˜…â˜…â˜…â˜†","Tout Ã  fait d'accord â˜…â˜…â˜…â˜…","PlutÃ´t d'accord â˜…â˜…â˜…â˜†","Tout Ã  fait d'accord â˜…â˜…â˜…â˜…","Pas d'accord â˜…â˜…â˜†â˜†","PlutÃ´t d'accord â˜…â˜…â˜…â˜†","PlutÃ´t d'accord â˜…â˜…â˜…â˜†","PlutÃ´t d'accord â˜…â˜…â˜…â˜†","Le mini projet ","Rien tout nickel ","","","","","X","X","","","Vous Ãªtes cool ğŸ˜ "
"PlutÃ´t d'accord â˜…â˜…â˜…â˜†","PlutÃ´t d'accord â˜…â˜…â˜…â˜†","Pas d'accord â˜…â˜…â˜†â˜†","Pas d'accord â˜…â˜…â˜†â˜†","Pas d'accord â˜…â˜…â˜†â˜†","PlutÃ´t d'accord â˜…â˜…â˜…â˜†","PlutÃ´t d'accord â˜…â˜…â˜…â˜†","Pas d'accord â˜…â˜…â˜†â˜†","Pas d'accord â˜…â˜…â˜†â˜†","PlutÃ´t d'accord â˜…â˜…â˜…â˜†","","","","","","","X","X","X","X",""
"PlutÃ´t d'accord â˜…â˜…â˜…â˜†","Tout Ã  fait d'accord â˜…â˜…â˜…â˜…","PlutÃ´t d'accord â˜…â˜…â˜…â˜†","PlutÃ´t d'accord â˜…â˜…â˜…â˜†","Pas d'accord â˜…â˜…â˜†â˜†","PlutÃ´t d'accord â˜…â˜…â˜…â˜†","PlutÃ´t d'accord â˜…â˜…â˜…â˜†","Pas d'accord â˜…â˜…â˜†â˜†","PlutÃ´t d'accord â˜…â˜…â˜…â˜†","PlutÃ´t d'accord â˜…â˜…â˜…â˜†","La mise a dispo des exercices et mini-projet","Un peu trop d'autonomie Ã  mon goÃ»t","","","","","","X","","",""
"Tout Ã  fait d'accord â˜…â˜…â˜…â˜…","Tout Ã  fait d'accord â˜…â˜…â˜…â˜…","Tout Ã  fait d'accord â˜…â˜…â˜…â˜…","Tout Ã  fait d'accord â˜…â˜…â˜…â˜…","PlutÃ´t d'accord â˜…â˜…â˜…â˜†","PlutÃ´t d'accord â˜…â˜…â˜…â˜†","Tout Ã  fait d'accord â˜…â˜…â˜…â˜…","PlutÃ´t d'accord â˜…â˜…â˜…â˜†","PlutÃ´t d'accord â˜…â˜…â˜…â˜†","Tout Ã  fait d'accord â˜…â˜…â˜…â˜…","Les explications Ã©taient claires et j'ai beaucoup apprÃ©ciÃ© le mini projet.","Pas vraiment de critiques.","","","","","","X","","",""
"Tout Ã  fait d'accord â˜…â˜…â˜…â˜…","Tout Ã  fait d'accord â˜…â˜…â˜…â˜…","Tout Ã  fait d'accord â˜…â˜…â˜…â˜…","Tout Ã  fait d'accord â˜…â˜…â˜…â˜…","PlutÃ´t d'accord â˜…â˜…â˜…â˜†","Tout Ã  fait d'accord â˜…â˜…â˜…â˜…","Tout Ã  fait d'accord â˜…â˜…â˜…â˜…","Tout Ã  fait d'accord â˜…â˜…â˜…â˜…","PlutÃ´t d'accord â˜…â˜…â˜…â˜†","Tout Ã  fait d'accord â˜…â˜…â˜…â˜…","J'ai adorÃ© le mÃ©lange entre thÃ©orie, exercices et pratique via le mini-projet. J'ai aimÃ© Ã©galement le fait que l'on soit traitÃ© comme des adultes et que si l'on dÃ©sirait partir aprÃ¨s la thÃ©orie, on n'Ã©tait pas notÃ© absent. ","Je ne vois rien Ã  dire, tout m'a convenu. ","","","","","","","","","J'adore le fait que tout Ã©tait disponible sur GitHub. J'espÃ¨re que vous pourrez rester enseignant pour progserv2 :)"
"Tout Ã  fait d'accord â˜…â˜…â˜…â˜…","Tout Ã  fait d'accord â˜…â˜…â˜…â˜…","Tout Ã  fait d'accord â˜…â˜…â˜…â˜…","Tout Ã  fait d'accord â˜…â˜…â˜…â˜…","PlutÃ´t d'accord â˜…â˜…â˜…â˜†","Tout Ã  fait d'accord â˜…â˜…â˜…â˜…","Tout Ã  fait d'accord â˜…â˜…â˜…â˜…","Tout Ã  fait d'accord â˜…â˜…â˜…â˜…","PlutÃ´t d'accord â˜…â˜…â˜…â˜†","Tout Ã  fait d'accord â˜…â˜…â˜…â˜…","","","","","","","X","X","","",""
"Tout Ã  fait d'accord â˜…â˜…â˜…â˜…","Tout Ã  fait d'accord â˜…â˜…â˜…â˜…","Tout Ã  fait d'accord â˜…â˜…â˜…â˜…","Tout Ã  fait d'accord â˜…â˜…â˜…â˜…","PlutÃ´t d'accord â˜…â˜…â˜…â˜†","Tout Ã  fait d'accord â˜…â˜…â˜…â˜…","PlutÃ´t d'accord â˜…â˜…â˜…â˜†","Tout Ã  fait d'accord â˜…â˜…â˜…â˜…","PlutÃ´t d'accord â˜…â˜…â˜…â˜†","Tout Ã  fait d'accord â˜…â˜…â˜…â˜…","La structure du cours, la possibilitÃ© de le faire de maniÃ¨re autonome avec les exercices et le mini-projet. Toute la thÃ©orie est disponible. C'est formidable, il faudrait que tous les cours techniques suivent ce format. MalgrÃ© la difficultÃ© et la nouveautÃ© du contenu, on y va crescendo en commenÃ§ant par les bases avant de voir le niveau s'Ã©lever, mais on se sent accompagnÃ©s.","gar nichts","","","","","X","X","","",""
"PlutÃ´t d'accord â˜…â˜…â˜…â˜†","Tout Ã  fait d'accord â˜…â˜…â˜…â˜…","Tout Ã  fait d'accord â˜…â˜…â˜…â˜…","PlutÃ´t d'accord â˜…â˜…â˜…â˜†","PlutÃ´t d'accord â˜…â˜…â˜…â˜†","Tout Ã  fait d'accord â˜…â˜…â˜…â˜…","Tout Ã  fait d'accord â˜…â˜…â˜…â˜…","Tout Ã  fait d'accord â˜…â˜…â˜…â˜…","Pas d'accord â˜…â˜…â˜†â˜†","Tout Ã  fait d'accord â˜…â˜…â˜…â˜…","L'importance mise dans la comprÃ©hension des rÃ©ponses donnÃ©es Ã  la suite de questions ","","","","","X","","X","","X","Un cours d'appui organisÃ© uniquement en cas d'intÃ©rÃªt durant le semaine de rÃ©visions serait a mon sens super chouette "
"Tout Ã  fait d'accord â˜…â˜…â˜…â˜…","Tout Ã  fait d'accord â˜…â˜…â˜…â˜…","Tout Ã  fait d'accord â˜…â˜…â˜…â˜…","Tout Ã  fait d'accord â˜…â˜…â˜…â˜…","PlutÃ´t d'accord â˜…â˜…â˜…â˜†","Tout Ã  fait d'accord â˜…â˜…â˜…â˜…","Tout Ã  fait d'accord â˜…â˜…â˜…â˜…","PlutÃ´t d'accord â˜…â˜…â˜…â˜†","Pas d'accord â˜…â˜…â˜†â˜†","Tout Ã  fait d'accord â˜…â˜…â˜…â˜…","le cours est particuliÃ¨rement bien structurÃ© et trÃ¨s clair, on va droit au but","je n'ai rien Ã  redire sur ce cours ","","","","","X","","","",""
"Tout Ã  fait d'accord â˜…â˜…â˜…â˜…","Tout Ã  fait d'accord â˜…â˜…â˜…â˜…","PlutÃ´t d'accord â˜…â˜…â˜…â˜†","Tout Ã  fait d'accord â˜…â˜…â˜…â˜…","Tout Ã  fait d'accord â˜…â˜…â˜…â˜…","Tout Ã  fait d'accord â˜…â˜…â˜…â˜…","Tout Ã  fait d'accord â˜…â˜…â˜…â˜…","Tout Ã  fait d'accord â˜…â˜…â˜…â˜…","Tout Ã  fait d'accord â˜…â˜…â˜…â˜…","Tout Ã  fait d'accord â˜…â˜…â˜…â˜…","Le mode dâ€™enseignement en dualitÃ© avec mini-projet/exercices non notÃ© (donc pas de pression) ainsi que vos capacitÃ©s dâ€™enseignants. Le fait quâ€™on soit aussi traitÃ© comme des adultes (horaires notamment) est grandement apprÃ©ciÃ©.","","","","","","","","","",""
"Tout Ã  fait d'accord â˜…â˜…â˜…â˜…","Tout Ã  fait d'accord â˜…â˜…â˜…â˜…","Tout Ã  fait d'accord â˜…â˜…â˜…â˜…","Tout Ã  fait d'accord â˜…â˜…â˜…â˜…","Pas d'accord â˜…â˜…â˜†â˜†","PlutÃ´t d'accord â˜…â˜…â˜…â˜†","PlutÃ´t d'accord â˜…â˜…â˜…â˜†","Tout Ã  fait d'accord â˜…â˜…â˜…â˜…","PlutÃ´t d'accord â˜…â˜…â˜…â˜†","Tout Ã  fait d'accord â˜…â˜…â˜…â˜…","","","","","","","X","X","","X",""
"Tout Ã  fait d'accord â˜…â˜…â˜…â˜…","Tout Ã  fait d'accord â˜…â˜…â˜…â˜…","Tout Ã  fait d'accord â˜…â˜…â˜…â˜…","Tout Ã  fait d'accord â˜…â˜…â˜…â˜…","Pas d'accord â˜…â˜…â˜†â˜†","Tout Ã  fait d'accord â˜…â˜…â˜…â˜…","Tout Ã  fait d'accord â˜…â˜…â˜…â˜…","PlutÃ´t d'accord â˜…â˜…â˜…â˜†","Pas d'accord â˜…â˜…â˜†â˜†","Tout Ã  fait d'accord â˜…â˜…â˜…â˜…","la maniÃ¨re dont vous enseignez ","","","","X","X","X","","","",""
"Tout Ã  fait d'accord â˜…â˜…â˜…â˜…","PlutÃ´t d'accord â˜…â˜…â˜…â˜†","Tout Ã  fait d'accord â˜…â˜…â˜…â˜…","PlutÃ´t d'accord â˜…â˜…â˜…â˜†","Pas d'accord â˜…â˜…â˜†â˜†","PlutÃ´t d'accord â˜…â˜…â˜…â˜†","PlutÃ´t d'accord â˜…â˜…â˜…â˜†","PlutÃ´t d'accord â˜…â˜…â˜…â˜†","Tout Ã  fait d'accord â˜…â˜…â˜…â˜…","Tout Ã  fait d'accord â˜…â˜…â˜…â˜…","La maniÃ¨re dâ€™expliquer + le support de cours.","La difficultÃ© du code, mais bon câ€™est plus de mon cÃ´tÃ© Ã§a :â€™)","","","","X","X","X","","X",""
"Tout Ã  fait d'accord â˜…â˜…â˜…â˜…","Tout Ã  fait d'accord â˜…â˜…â˜…â˜…","Tout Ã  fait d'accord â˜…â˜…â˜…â˜…","PlutÃ´t d'accord â˜…â˜…â˜…â˜†","PlutÃ´t d'accord â˜…â˜…â˜…â˜†","Tout Ã  fait d'accord â˜…â˜…â˜…â˜…","Tout Ã  fait d'accord â˜…â˜…â˜…â˜…","PlutÃ´t d'accord â˜…â˜…â˜…â˜†","Pas d'accord â˜…â˜…â˜†â˜†","Tout Ã  fait d'accord â˜…â˜…â˜…â˜…","Le fait de pouvoir travailler Ã  la maison et la mÃ©thodologie, beaucoup plus clair que les cours de monsieurs hess qui sont parfois trop mÃ©taphoriques","L","","","","","","","","","C'Ã©tait top ğŸ‘ğŸ»"
"PlutÃ´t d'accord â˜…â˜…â˜…â˜†","Tout Ã  fait d'accord â˜…â˜…â˜…â˜…","Tout Ã  fait d'accord â˜…â˜…â˜…â˜…","Tout Ã  fait d'accord â˜…â˜…â˜…â˜…","PlutÃ´t d'accord â˜…â˜…â˜…â˜†","Tout Ã  fait d'accord â˜…â˜…â˜…â˜…","PlutÃ´t d'accord â˜…â˜…â˜…â˜†","Tout Ã  fait d'accord â˜…â˜…â˜…â˜…","Tout Ã  fait d'accord â˜…â˜…â˜…â˜…","Tout Ã  fait d'accord â˜…â˜…â˜…â˜…","Le support de cours et la pertinence des exercices. Câ€™Ã©tait aussi agrÃ©able dâ€™avoir des rÃ©ponses Ã  mes questions lorsque jâ€™en ai eu ! ","De placer des tutorats durant le semestre. Ã‰tant donnÃ© que lâ€™on se voit seulement toutes les deux semaines, il est parfois difficile de rester concernÃ© et dâ€™avoir les notions en tÃªte. ","","","","","X","X","","X",""
"Tout Ã  fait d'accord â˜…â˜…â˜…â˜…","PlutÃ´t d'accord â˜…â˜…â˜…â˜†","Pas d'accord â˜…â˜…â˜†â˜†","PlutÃ´t d'accord â˜…â˜…â˜…â˜†","PlutÃ´t d'accord â˜…â˜…â˜…â˜†","PlutÃ´t d'accord â˜…â˜…â˜…â˜†","PlutÃ´t d'accord â˜…â˜…â˜…â˜†","Pas d'accord â˜…â˜…â˜†â˜†","Pas d'accord â˜…â˜…â˜†â˜†","PlutÃ´t d'accord â˜…â˜…â˜…â˜†","","","","","X","","","X","X","",""
"PlutÃ´t d'accord â˜…â˜…â˜…â˜†","Tout Ã  fait d'accord â˜…â˜…â˜…â˜…","PlutÃ´t d'accord â˜…â˜…â˜…â˜†","Tout Ã  fait d'accord â˜…â˜…â˜…â˜…","Pas d'accord â˜…â˜…â˜†â˜†","Tout Ã  fait d'accord â˜…â˜…â˜…â˜…","Tout Ã  fait d'accord â˜…â˜…â˜…â˜…","PlutÃ´t d'accord â˜…â˜…â˜…â˜†","Tout Ã  fait d'accord â˜…â˜…â˜…â˜…","Tout Ã  fait d'accord â˜…â˜…â˜…â˜…","Jâ€™ai particuliÃ¨rement aimÃ© votre maniÃ¨re de nous enseigner. Et jâ€™aurais beaucoup aimÃ© vous avoir au cours de BaseProg 1 et 2 pour pouvoir mieux nous aider a comprendre ces modules.","","","","","X","","","","",""
"Pas d'accord â˜…â˜…â˜†â˜†","Tout Ã  fait d'accord â˜…â˜…â˜…â˜…","Tout Ã  fait d'accord â˜…â˜…â˜…â˜…","Tout Ã  fait d'accord â˜…â˜…â˜…â˜…","PlutÃ´t d'accord â˜…â˜…â˜…â˜†","Tout Ã  fait d'accord â˜…â˜…â˜…â˜…","Tout Ã  fait d'accord â˜…â˜…â˜…â˜…","Tout Ã  fait d'accord â˜…â˜…â˜…â˜…","PlutÃ´t d'accord â˜…â˜…â˜…â˜†","Tout Ã  fait d'accord â˜…â˜…â˜…â˜…","Le dynamisme et la sympa de lâ€™enseignant ainsi, la qualitÃ© du support de cours et les rÃ©ponses Ã  mes questions.","Un peu dans le flou vis Ã  vis du contenu et du niveau de lâ€™examen.","","","","X","X","X","","",""
"Tout Ã  fait d'accord â˜…â˜…â˜…â˜…","Tout Ã  fait d'accord â˜…â˜…â˜…â˜…","Tout Ã  fait d'accord â˜…â˜…â˜…â˜…","Tout Ã  fait d'accord â˜…â˜…â˜…â˜…","PlutÃ´t d'accord â˜…â˜…â˜…â˜†","PlutÃ´t d'accord â˜…â˜…â˜…â˜†","PlutÃ´t d'accord â˜…â˜…â˜…â˜†","Tout Ã  fait d'accord â˜…â˜…â˜…â˜…","PlutÃ´t d'accord â˜…â˜…â˜…â˜†","Tout Ã  fait d'accord â˜…â˜…â˜…â˜…","La qualitÃ© des supports de cours. Lâ€™enseignement du prof, vous Ã©tiez lÃ  vraiment pour nous, savoir comment on avanÃ§ait, si on avait besoin dâ€™aide ou autre.","Il nâ€™y a rien que je nâ€™ai pas apprÃ©ciÃ©.
Mais peut Ãªtre je proposerai juste aprÃ¨s la partie thÃ©orique au dÃ©but du cours, quelques minutes pour faire du live coding. Quâ€™on code du code tous ensemble pour mieux comprendre le fonctionnement de la partie thÃ©orique. ","","","","X","X","X","","",""
"Tout Ã  fait d'accord â˜…â˜…â˜…â˜…","Tout Ã  fait d'accord â˜…â˜…â˜…â˜…","Tout Ã  fait d'accord â˜…â˜…â˜…â˜…","Tout Ã  fait d'accord â˜…â˜…â˜…â˜…","PlutÃ´t d'accord â˜…â˜…â˜…â˜†","Tout Ã  fait d'accord â˜…â˜…â˜…â˜…","Tout Ã  fait d'accord â˜…â˜…â˜…â˜…","Tout Ã  fait d'accord â˜…â˜…â˜…â˜…","PlutÃ´t d'accord â˜…â˜…â˜…â˜†","Tout Ã  fait d'accord â˜…â˜…â˜…â˜…","Le mini-projet qui permet de mettre aisÃ©ment la thÃ©orie en pratique. Chaque partie ayant une correction, cela permet de s'assurer de la bonne tenue de son travail.","La maniÃ¨re de parler manque de dynamisme, mais cela n'est que mon avis.","","","","","","","","",""
"Tout Ã  fait d'accord â˜…â˜…â˜…â˜…","Tout Ã  fait d'accord â˜…â˜…â˜…â˜…","Tout Ã  fait d'accord â˜…â˜…â˜…â˜…","Tout Ã  fait d'accord â˜…â˜…â˜…â˜…","Pas d'accord â˜…â˜…â˜†â˜†","PlutÃ´t d'accord â˜…â˜…â˜…â˜†","Tout Ã  fait d'accord â˜…â˜…â˜…â˜…","PlutÃ´t d'accord â˜…â˜…â˜…â˜†","Pas d'accord â˜…â˜…â˜†â˜†","Tout Ã  fait d'accord â˜…â˜…â˜…â˜…","franchement le cours est bien, on a le matÃ©riel nÃ©cessaire pour s'en sortir de maniÃ¨re autonome
en plus la relation que vous avez rÃ©ussi Ã  crÃ©er avec nous, Ã§a nous permet d'oser venir vous poser des questions etc...
Et aussi, le mini-projet c'est top, car Ã§a nous permet de voir qlqch de concret, et c'est cool de pouvoir utiliser notre creation","Ce serait peut-Ãªtre mieux de nous donner les corrigÃ©s en fin de pÃ©riode (pour les exercices surtout) pour nous permettre de prendre en main sans regarder les rÃ©ponses, car c'est vrai que c'est hyper facile de jeter un coup d'Å“il et ducoup Ã§a limite un peu la rÃ©flexion je trouve 
Et je pense ce serait nice de parfois, reprendre des exercices ensemble typiquement au milieu de la pÃ©riode ~15h vous prÃ©sentez un exercices et vous nous montrez de dÃ©roulement, enfin parfois Ã§a aide aussi Ã  mieux comprendre de voir qlq faire.","","","","X","","X","","X",""
"PlutÃ´t d'accord â˜…â˜…â˜…â˜†","Tout Ã  fait d'accord â˜…â˜…â˜…â˜…","PlutÃ´t d'accord â˜…â˜…â˜…â˜†","Tout Ã  fait d'accord â˜…â˜…â˜…â˜…","PlutÃ´t d'accord â˜…â˜…â˜…â˜†","Tout Ã  fait d'accord â˜…â˜…â˜…â˜…","Tout Ã  fait d'accord â˜…â˜…â˜…â˜…","Tout Ã  fait d'accord â˜…â˜…â˜…â˜…","PlutÃ´t d'accord â˜…â˜…â˜…â˜†","Tout Ã  fait d'accord â˜…â˜…â˜…â˜…","La structure du github est clair, bien structurÃ©, le fait d'avoir la thÃ©orie sous diffÃ©rentes formes est apprÃ©ciable Ã©galement. 
Suivre les diffÃ©rents points de thÃ©orie avec un seul mini-projet que l'on amÃ©liore avec le temps est vraiment cool","Certaines rÃ©pÃ©titions des exercices au dÃ©but qui donnait de la redondance et Ã©taient au dÃ©but pas du tout stimulante, Ã§a s'est largement amÃ©liorÃ© par la suite.

Des fois, je ne suis pas sÃ»r d'avoir acquis la matiÃ¨re Ã  travers les exercices car je m'aidais beaucoup des rÃ©ponses, peut-Ãªtre ne pas donner tout de suite les rÃ©ponses aux exercices serait pertinent ?","","","","","X","X","","","+1 vote au HEIG Awards, et j'ai cru comprendre que je n'Ã©tais pas seul dans ma classe Ã  avoir votÃ© pour vous ;) 

J'espÃ¨re sincÃ¨rement pour vous que vous resterez enseignant dans notre filiÃ¨re (si c'est votre envie) car je trouve vos cours vraiment de qualitÃ© ! Et au-delÃ  de Ã§a, c'est agrÃ©able de pouvoir discuter avec vous, vous Ãªtes une chouette personne"
"Tout Ã  fait d'accord â˜…â˜…â˜…â˜…","Tout Ã  fait d'accord â˜…â˜…â˜…â˜…","Tout Ã  fait d'accord â˜…â˜…â˜…â˜…","PlutÃ´t d'accord â˜…â˜…â˜…â˜†","PlutÃ´t d'accord â˜…â˜…â˜…â˜†","Tout Ã  fait d'accord â˜…â˜…â˜…â˜…","Tout Ã  fait d'accord â˜…â˜…â˜…â˜…","PlutÃ´t d'accord â˜…â˜…â˜…â˜†","PlutÃ´t d'accord â˜…â˜…â˜…â˜†","Tout Ã  fait d'accord â˜…â˜…â˜…â˜…","- La maniÃ¨re dont Ã  Ã©tÃ© prÃ©senter le langage de programmation en parallÃ¨le de Java que nous connaissions dÃ©jÃ  un peu. Cela permet de ne pas Ãªtre trop perdu et faire les parallÃ¨les entre les deux langages. 

 - Le mini projet est trÃ¨s sympa Ã  prendre en main. Permet un travail autonome et une premiÃ¨re expÃ©rience d'utilisation et de comprÃ©hensions des notions enseignÃ©es.

 ","Peut-Ãªtre un peu plus de correction commune. ou maybe de live-coding sur un ou deux exercices de la sÃ©rie ","","","","X","","","","","Merci pour votre implication !"
"Tout Ã  fait d'accord â˜…â˜…â˜…â˜…","","Tout Ã  fait d'accord â˜…â˜…â˜…â˜…","Tout Ã  fait d'accord â˜…â˜…â˜…â˜…","Tout Ã  fait d'accord â˜…â˜…â˜…â˜…","Tout Ã  fait d'accord â˜…â˜…â˜…â˜…","Tout Ã  fait d'accord â˜…â˜…â˜…â˜…","Tout Ã  fait d'accord â˜…â˜…â˜…â˜…","PlutÃ´t d'accord â˜…â˜…â˜…â˜†","Tout Ã  fait d'accord â˜…â˜…â˜…â˜…","Les slides et le github","Rien","","","","","","X","","X",""
